{
  "cir_fidelity": 0.3875508207186403,
  "cir_fidelity_1q_gate": 0.9577136197001251,
  "cir_fidelity_2q_gate": 0.6629680834613703,
  "cir_fidelity_2q_gate_for_idle": 1,
  "cir_fidelity_atom_transfer": 0.7802631200940581,
  "cir_fidelity_coherence": 0.7822747206188064,
  "cir_duration": 9012.293798439763
}