{
  "cir_fidelity": 0.25592038136293227,
  "cir_fidelity_1q_gate": 0.9554175190036467,
  "cir_fidelity_2q_gate": 0.5907768628656768,
  "cir_fidelity_2q_gate_for_idle": 1,
  "cir_fidelity_atom_transfer": 0.6211155405084055,
  "cir_fidelity_coherence": 0.7299881326971083,
  "cir_duration": 15639.38793568614
}