{
  "cir_fidelity": 0.00205280210955432,
  "cir_fidelity_1q_gate": 0.8083728237224047,
  "cir_fidelity_2q_gate": 0.033089858277107455,
  "cir_fidelity_2q_gate_for_idle": 1,
  "cir_fidelity_atom_transfer": 0.22929715625814054,
  "cir_fidelity_coherence": 0.3346892819852131,
  "cir_duration": 57609.121258141815
}