{
  "cir_fidelity": 0.44809835465838255,
  "cir_fidelity_1q_gate": 0.968986377066392,
  "cir_fidelity_2q_gate": 0.6696478204705647,
  "cir_fidelity_2q_gate_for_idle": 1,
  "cir_fidelity_atom_transfer": 0.7407070321561015,
  "cir_fidelity_coherence": 0.9323151691744929,
  "cir_duration": 10437.222678371993
}