{
  "cir_fidelity": 0.3504242601051766,
  "cir_fidelity_1q_gate": 0.9640563891646854,
  "cir_fidelity_2q_gate": 0.6563549768288436,
  "cir_fidelity_2q_gate_for_idle": 1,
  "cir_fidelity_atom_transfer": 0.6810005752658346,
  "cir_fidelity_coherence": 0.8132151604202446,
  "cir_duration": 12840.977919059
}