{
  "cir_fidelity": 0.809000330032461,
  "cir_fidelity_1q_gate": 0.9886630428246849,
  "cir_fidelity_2q_gate": 0.9137248860125932,
  "cir_fidelity_2q_gate_for_idle": 1,
  "cir_fidelity_atom_transfer": 0.9267809647166124,
  "cir_fidelity_coherence": 0.9662907897771779,
  "cir_duration": 2869.3827105138735
}