{
  "cir_fidelity": 0.5930439360416665,
  "cir_fidelity_1q_gate": 0.9765751669826964,
  "cir_fidelity_2q_gate": 0.8224322824348486,
  "cir_fidelity_2q_gate_for_idle": 1,
  "cir_fidelity_atom_transfer": 0.8520755747117412,
  "cir_fidelity_coherence": 0.8665685588341699,
  "cir_duration": 5524.3261822116965
}