{
  "cir_fidelity": 0.4580435546186168,
  "cir_fidelity_1q_gate": 0.968986377066392,
  "cir_fidelity_2q_gate": 0.6696478204705647,
  "cir_fidelity_2q_gate_for_idle": 1,
  "cir_fidelity_atom_transfer": 0.7407070321561015,
  "cir_fidelity_coherence": 0.9530071906626518,
  "cir_duration": 7459.874090944723
}