{
  "cir_fidelity": 0.7741504298325114,
  "cir_fidelity_1q_gate": 0.9883664439118376,
  "cir_fidelity_2q_gate": 0.9137248860125932,
  "cir_fidelity_2q_gate_for_idle": 1,
  "cir_fidelity_atom_transfer": 0.9267809647166124,
  "cir_fidelity_coherence": 0.924942655948424,
  "cir_duration": 4002.137971887768
}