{
  "cir_fidelity": 0.3601106627334897,
  "cir_fidelity_1q_gate": 0.9577136197001251,
  "cir_fidelity_2q_gate": 0.6629680834613703,
  "cir_fidelity_2q_gate_for_idle": 1,
  "cir_fidelity_atom_transfer": 0.7202448110511042,
  "cir_fidelity_coherence": 0.7874582874171737,
  "cir_duration": 8806.350409635936
}