{
  "cir_fidelity": 0.0017540648262013158,
  "cir_fidelity_1q_gate": 0.8083728237224047,
  "cir_fidelity_2q_gate": 0.033089858277107455,
  "cir_fidelity_2q_gate_for_idle": 1,
  "cir_fidelity_atom_transfer": 0.2348696773746292,
  "cir_fidelity_coherence": 0.2791978545980374,
  "cir_duration": 66597.89282733905
}