{
  "cir_fidelity": 0.07159668241206103,
  "cir_fidelity_1q_gate": 0.9073612810115471,
  "cir_fidelity_2q_gate": 0.21570623976979011,
  "cir_fidelity_2q_gate_for_idle": 1,
  "cir_fidelity_atom_transfer": 0.522921346063885,
  "cir_fidelity_coherence": 0.6995416500601689,
  "cir_duration": 30972.019468546463
}