{
  "cir_fidelity": 0.3310353727481182,
  "cir_fidelity_1q_gate": 0.9640563891646854,
  "cir_fidelity_2q_gate": 0.6563549768288436,
  "cir_fidelity_2q_gate_for_idle": 1,
  "cir_fidelity_atom_transfer": 0.6755716005914152,
  "cir_fidelity_coherence": 0.7743936770917206,
  "cir_duration": 15753.680579073129
}