{"scheduling": 3.5762786865234375e-05, "initial placement": 4.829774856567383, "intermediate placement": 0.0701150894165039, "routing": 0.003978252410888672, "total": 4.9054930210113525}