{"scheduling": 1.9788742065429688e-05, "initial placement": 8.459119081497192, "intermediate placement": 0.024110794067382812, "routing": 0.0018887519836425781, "total": 8.486005067825317}