{"scheduling": 0.00040221214294433594, "initial placement": 11.229125022888184, "intermediate placement": 0.02242302894592285, "routing": 0.03380155563354492, "total": 11.287560939788818}