{"scheduling": 2.4080276489257812e-05, "initial placement": 6.61784291267395, "intermediate placement": 0.03348398208618164, "routing": 0.0041964054107666016, "total": 6.657577991485596}