{"scheduling": 3.0994415283203125e-05, "initial placement": 10.830965995788574, "intermediate placement": 0.05532503128051758, "routing": 0.0031676292419433594, "total": 10.891824007034302}