{"scheduling": 1.9788742065429688e-05, "initial placement": 10.23373293876648, "intermediate placement": 0.029119014739990234, "routing": 0.0021021366119384766, "total": 10.265957117080688}