{"scheduling": 3.600120544433594e-05, "initial placement": 13.346736192703247, "intermediate placement": 0.05698108673095703, "routing": 0.004800558090209961, "total": 13.41313099861145}