{"scheduling": 6.67572021484375e-05, "initial placement": 11.35201907157898, "intermediate placement": 0.14931797981262207, "routing": 0.007503986358642578, "total": 11.512797832489014}