{"scheduling": 3.600120544433594e-05, "initial placement": 10.868762731552124, "intermediate placement": 0.06518793106079102, "routing": 0.004161834716796875, "total": 10.939777135848999}