{"scheduling": 9.179115295410156e-05, "initial placement": 11.726797103881836, "intermediate placement": 0.20560717582702637, "routing": 0.027078866958618164, "total": 11.960458040237427}