{"scheduling": 4.506111145019531e-05, "initial placement": 10.916185140609741, "intermediate placement": 0.04978203773498535, "routing": 0.006514310836791992, "total": 10.97296404838562}