{"scheduling": 9.298324584960938e-05, "initial placement": 17.833935022354126, "intermediate placement": 0.27483391761779785, "routing": 0.023622989654541016, "total": 18.13741421699524}