{"scheduling": 0.00016307830810546875, "initial placement": 16.833306074142456, "intermediate placement": 0.045961856842041016, "routing": 0.004015207290649414, "total": 16.88466715812683}