{"scheduling": 0.0002288818359375, "initial placement": 83.63490200042725, "intermediate placement": 0.21338105201721191, "routing": 0.013628005981445312, "total": 83.8653838634491}