{"scheduling": 0.0008308887481689453, "initial placement": 142.49174904823303, "intermediate placement": 0.526418924331665, "routing": 0.03660726547241211, "total": 143.0997760295868}