{"scheduling": 6.008148193359375e-05, "initial placement": 22.415411233901978, "intermediate placement": 0.23925185203552246, "routing": 0.010672330856323242, "total": 22.668248176574707}