{"scheduling": 6.198883056640625e-05, "initial placement": 14.469721794128418, "intermediate placement": 0.1069798469543457, "routing": 0.009959697723388672, "total": 14.589688062667847}