{"scheduling": 3.695487976074219e-05, "initial placement": 11.082364797592163, "intermediate placement": 0.05991697311401367, "routing": 0.004035472869873047, "total": 11.147759199142456}