{"scheduling": 2.002716064453125e-05, "initial placement": 4.1961669921875e-05, "intermediate placement": 0.006630897521972656, "routing": 0.0018491744995117188, "total": 0.009309053421020508}