{"scheduling": 2.193450927734375e-05, "initial placement": 6.29425048828125e-05, "intermediate placement": 0.008215188980102539, "routing": 0.0019388198852539062, "total": 0.011110067367553711}