{"scheduling": 2.002716064453125e-05, "initial placement": 4.38690185546875e-05, "intermediate placement": 0.005705833435058594, "routing": 0.0014681816101074219, "total": 0.008007049560546875}