{"scheduling": 3.1948089599609375e-05, "initial placement": 0.00011324882507324219, "intermediate placement": 0.024161100387573242, "routing": 0.003442049026489258, "total": 0.029291868209838867}