{"scheduling": 3.314018249511719e-05, "initial placement": 6.389617919921875e-05, "intermediate placement": 0.01577591896057129, "routing": 0.0032501220703125, "total": 0.020534038543701172}