{"scheduling": 2.09808349609375e-05, "initial placement": 4.506111145019531e-05, "intermediate placement": 0.008267879486083984, "routing": 0.03763723373413086, "total": 0.046907901763916016}