{"scheduling": 3.814697265625e-05, "initial placement": 7.224082946777344e-05, "intermediate placement": 0.019227981567382812, "routing": 0.003854036331176758, "total": 0.024799108505249023}