{"scheduling": 3.0994415283203125e-05, "initial placement": 6.914138793945312e-05, "intermediate placement": 0.012769937515258789, "routing": 0.0031976699829101562, "total": 0.017505168914794922}