{"scheduling": 6.771087646484375e-05, "initial placement": 0.000125885009765625, "intermediate placement": 0.05363202095031738, "routing": 0.0077207088470458984, "total": 0.06524801254272461}