{"scheduling": 9.202957153320312e-05, "initial placement": 0.0001552104949951172, "intermediate placement": 0.03262686729431152, "routing": 0.050508975982666016, "total": 0.0841519832611084}