{"scheduling": 4.410743713378906e-05, "initial placement": 7.510185241699219e-05, "intermediate placement": 0.008108139038085938, "routing": 0.00774693489074707, "total": 0.016350984573364258}