{"scheduling": 9.322166442871094e-05, "initial placement": 9.393692016601562e-05, "intermediate placement": 0.04926490783691406, "routing": 0.013259172439575195, "total": 0.0669710636138916}