{"scheduling": 3.2901763916015625e-05, "initial placement": 3.695487976074219e-05, "intermediate placement": 0.00908970832824707, "routing": 0.003862142562866211, "total": 0.014060020446777344}