{"scheduling": 0.00021886825561523438, "initial placement": 3.981590270996094e-05, "intermediate placement": 0.034937143325805664, "routing": 0.031763315200805664, "total": 0.0698702335357666}