{"scheduling": 0.0004401206970214844, "initial placement": 8.20159912109375e-05, "intermediate placement": 0.10132193565368652, "routing": 0.07820630073547363, "total": 0.1874222755432129}