{"scheduling": 6.318092346191406e-05, "initial placement": 4.1961669921875e-05, "intermediate placement": 0.01828598976135254, "routing": 0.008472919464111328, "total": 0.0290071964263916}