{"scheduling": 6.4849853515625e-05, "initial placement": 5.793571472167969e-05, "intermediate placement": 0.028564929962158203, "routing": 0.03278470039367676, "total": 0.06419825553894043}