{"scheduling": 3.62396240234375e-05, "initial placement": 5.4836273193359375e-05, "intermediate placement": 0.013406991958618164, "routing": 0.003983736038208008, "total": 0.018802881240844727}