{"scheduling": 2.193450927734375e-05, "initial placement": 6.435028791427612, "intermediate placement": 0.03229498863220215, "routing": 0.002002239227294922, "total": 6.470408201217651}