{"scheduling": 2.09808349609375e-05, "initial placement": 11.38631796836853, "intermediate placement": 0.026879072189331055, "routing": 0.0031054019927978516, "total": 11.418691158294678}