{"scheduling": 2.09808349609375e-05, "initial placement": 8.478501796722412, "intermediate placement": 0.024200916290283203, "routing": 0.0019998550415039062, "total": 8.505589962005615}