{"scheduling": 3.3855438232421875e-05, "initial placement": 4.814076900482178, "intermediate placement": 0.07080483436584473, "routing": 0.0184786319732666, "total": 4.904994010925293}