{"scheduling": 2.09808349609375e-05, "initial placement": 10.327905893325806, "intermediate placement": 0.02914881706237793, "routing": 0.0025506019592285156, "total": 10.360602140426636}