{"scheduling": 3.409385681152344e-05, "initial placement": 10.868876218795776, "intermediate placement": 0.054944753646850586, "routing": 0.003776073455810547, "total": 10.92930817604065}