{"scheduling": 3.790855407714844e-05, "initial placement": 10.88472318649292, "intermediate placement": 0.06500411033630371, "routing": 0.020070314407348633, "total": 10.97150993347168}