{"scheduling": 6.723403930664062e-05, "initial placement": 11.314933776855469, "intermediate placement": 0.14989590644836426, "routing": 0.02459549903869629, "total": 11.492856979370117}