{"scheduling": 8.702278137207031e-05, "initial placement": 13.199976921081543, "intermediate placement": 0.05896615982055664, "routing": 0.008109092712402344, "total": 13.271269083023071}