{"scheduling": 8.893013000488281e-05, "initial placement": 11.774114608764648, "intermediate placement": 0.20719623565673828, "routing": 0.026645898818969727, "total": 12.0088529586792}