{"scheduling": 4.1961669921875e-05, "initial placement": 11.044102191925049, "intermediate placement": 0.049825191497802734, "routing": 0.006584882736206055, "total": 11.100977182388306}