{"scheduling": 0.00012373924255371094, "initial placement": 17.0760178565979, "intermediate placement": 0.17644286155700684, "routing": 0.01267695426940918, "total": 17.270615100860596}