{"scheduling": 0.0001270771026611328, "initial placement": 17.008227109909058, "intermediate placement": 0.04392886161804199, "routing": 0.0042705535888671875, "total": 17.058035373687744}