{"scheduling": 0.00023412704467773438, "initial placement": 80.17572498321533, "intermediate placement": 0.2014479637145996, "routing": 0.013045787811279297, "total": 80.3934097290039}