{"scheduling": 0.00038909912109375, "initial placement": 149.4380328655243, "intermediate placement": 0.698375940322876, "routing": 0.07736682891845703, "total": 150.22898483276367}