{"scheduling": 7.176399230957031e-05, "initial placement": 17.422734022140503, "intermediate placement": 0.0785531997680664, "routing": 0.006237983703613281, "total": 17.51088523864746}