{"scheduling": 6.127357482910156e-05, "initial placement": 14.225552797317505, "intermediate placement": 0.10684061050415039, "routing": 0.00871419906616211, "total": 14.343893766403198}