{"scheduling": 3.695487976074219e-05, "initial placement": 11.150858163833618, "intermediate placement": 0.06155991554260254, "routing": 0.00440526008605957, "total": 11.218374729156494}