{
  "cir_fidelity": 0.7740845667040076,
  "cir_fidelity_1q_gate": 0.9871809377902877,
  "cir_fidelity_2q_gate": 0.9000874278732445,
  "cir_fidelity_2q_gate_for_idle": 1,
  "cir_fidelity_atom_transfer": 0.9157205572498957,
  "cir_fidelity_coherence": 0.9513580308352498,
  "cir_duration": 3558.34680185969
}