{
  "cir_fidelity": 0.7626216097380555,
  "cir_fidelity_1q_gate": 0.986588718073898,
  "cir_fidelity_2q_gate": 0.8955869907338783,
  "cir_fidelity_2q_gate_for_idle": 1,
  "cir_fidelity_atom_transfer": 0.9120631656822732,
  "cir_fidelity_coherence": 0.9463249037681877,
  "cir_duration": 3756.115090836985
}