{
  "cir_fidelity": 0.23716643869246015,
  "cir_fidelity_1q_gate": 0.9554175190036467,
  "cir_fidelity_2q_gate": 0.5907768628656768,
  "cir_fidelity_2q_gate_for_idle": 1,
  "cir_fidelity_atom_transfer": 0.6015448579979461,
  "cir_fidelity_coherence": 0.6985034165288058,
  "cir_duration": 17765.12270247125
}