{
  "cir_fidelity": 0.45082213772179996,
  "cir_fidelity_1q_gate": 0.968986377066392,
  "cir_fidelity_2q_gate": 0.6696478204705647,
  "cir_fidelity_2q_gate_for_idle": 1,
  "cir_fidelity_atom_transfer": 0.7407070321561021,
  "cir_fidelity_coherence": 0.9379822827471375,
  "cir_duration": 9615.862329493626
}