{
  "cir_fidelity": 0.7840225475130139,
  "cir_fidelity_1q_gate": 0.9883664439118376,
  "cir_fidelity_2q_gate": 0.9137248860125932,
  "cir_fidelity_2q_gate_for_idle": 1,
  "cir_fidelity_atom_transfer": 0.9267809647166124,
  "cir_fidelity_coherence": 0.936737705586535,
  "cir_duration": 3370.07160342921
}