{
  "cir_fidelity": 0.2633462593880201,
  "cir_fidelity_1q_gate": 0.9554175190036467,
  "cir_fidelity_2q_gate": 0.5907768628656768,
  "cir_fidelity_2q_gate_for_idle": 1,
  "cir_fidelity_atom_transfer": 0.6211155405084055,
  "cir_fidelity_coherence": 0.7511697314595875,
  "cir_duration": 14268.70262718502
}