{
  "cir_fidelity": 0.6610054892564199,
  "cir_fidelity_1q_gate": 0.9842233898629275,
  "cir_fidelity_2q_gate": 0.8183201210226748,
  "cir_fidelity_2q_gate_for_idle": 1,
  "cir_fidelity_atom_transfer": 0.855492414837717,
  "cir_fidelity_coherence": 0.9593387593078441,
  "cir_duration": 5176.288160586259
}