{
  "cir_fidelity": 0.45427884225456727,
  "cir_fidelity_1q_gate": 0.968986377066392,
  "cir_fidelity_2q_gate": 0.6696478204705647,
  "cir_fidelity_2q_gate_for_idle": 1,
  "cir_fidelity_atom_transfer": 0.7407070321561015,
  "cir_fidelity_coherence": 0.9451743155625904,
  "cir_duration": 8579.959723869551
}