{"scheduling": 2.0265579223632812e-05, "initial placement": 5.957705974578857, "intermediate placement": 0.033830881118774414, "routing": 0.0021355152130126953, "total": 5.994607925415039}