{"scheduling": 1.9788742065429688e-05, "initial placement": 8.540998935699463, "intermediate placement": 0.024511098861694336, "routing": 0.0020630359649658203, "total": 8.568677186965942}