{"scheduling": 3.4809112548828125e-05, "initial placement": 4.8847150802612305, "intermediate placement": 0.07037186622619629, "routing": 0.003898143768310547, "total": 4.960614919662476}