{"scheduling": 2.09808349609375e-05, "initial placement": 10.533798933029175, "intermediate placement": 0.026700973510742188, "routing": 0.002780437469482422, "total": 10.564819097518921}