{"scheduling": 2.8133392333984375e-05, "initial placement": 10.919003248214722, "intermediate placement": 0.06200695037841797, "routing": 0.004716396331787109, "total": 10.987587928771973}