{"scheduling": 1.9788742065429688e-05, "initial placement": 10.251207828521729, "intermediate placement": 0.029345989227294922, "routing": 0.002028942108154297, "total": 10.28357195854187}