{"scheduling": 2.8848648071289062e-05, "initial placement": 14.776461839675903, "intermediate placement": 0.06222176551818848, "routing": 0.006511211395263672, "total": 14.847661018371582}