{"scheduling": 6.508827209472656e-05, "initial placement": 11.277008056640625, "intermediate placement": 0.1495959758758545, "routing": 0.008078813552856445, "total": 11.437867879867554}