{"scheduling": 3.600120544433594e-05, "initial placement": 10.881696939468384, "intermediate placement": 0.06549572944641113, "routing": 0.0037102699279785156, "total": 10.952641010284424}