{"scheduling": 8.96453857421875e-05, "initial placement": 12.040555953979492, "intermediate placement": 0.20760202407836914, "routing": 0.027614593505859375, "total": 12.276664733886719}