{"scheduling": 4.6253204345703125e-05, "initial placement": 11.023610830307007, "intermediate placement": 0.0501101016998291, "routing": 0.006587505340576172, "total": 11.080809116363525}