{"scheduling": 9.202957153320312e-05, "initial placement": 16.79354190826416, "intermediate placement": 0.17548489570617676, "routing": 0.013470649719238281, "total": 16.98676609992981}