{"scheduling": 3.2901763916015625e-05, "initial placement": 16.94038200378418, "intermediate placement": 0.04447197914123535, "routing": 0.005680084228515625, "total": 16.99205708503723}