{"scheduling": 0.00022292137145996094, "initial placement": 80.49858474731445, "intermediate placement": 0.20116019248962402, "routing": 0.01266622543334961, "total": 80.71563196182251}