{"scheduling": 0.00043702125549316406, "initial placement": 148.87878704071045, "intermediate placement": 0.5400750637054443, "routing": 0.03968024253845215, "total": 149.4665458202362}