{"scheduling": 6.198883056640625e-05, "initial placement": 21.20413589477539, "intermediate placement": 0.13245892524719238, "routing": 0.011844635009765625, "total": 21.351298093795776}