{"scheduling": 6.508827209472656e-05, "initial placement": 14.195904016494751, "intermediate placement": 0.12234115600585938, "routing": 0.012130975723266602, "total": 14.333473920822144}