{"scheduling": 4.00543212890625e-05, "initial placement": 11.114825010299683, "intermediate placement": 0.05975508689880371, "routing": 0.006063938140869141, "total": 11.182235956192017}