{"scheduling": 3.528594970703125e-05, "initial placement": 0.00011587142944335938, "intermediate placement": 0.023811817169189453, "routing": 0.0038175582885742188, "total": 0.029307126998901367}