{"scheduling": 1.8358230590820312e-05, "initial placement": 5.888938903808594e-05, "intermediate placement": 0.005646944046020508, "routing": 0.0016777515411376953, "total": 0.008879899978637695}