{"scheduling": 1.8835067749023438e-05, "initial placement": 4.1961669921875e-05, "intermediate placement": 0.0068242549896240234, "routing": 0.0019249916076660156, "total": 0.00962209701538086}