{"scheduling": 2.384185791015625e-05, "initial placement": 6.079673767089844e-05, "intermediate placement": 0.008958101272583008, "routing": 0.0018839836120605469, "total": 0.011793851852416992}