{"scheduling": 2.1219253540039062e-05, "initial placement": 5.698204040527344e-05, "intermediate placement": 0.008191108703613281, "routing": 0.0020856857299804688, "total": 0.011275053024291992}