{"scheduling": 3.409385681152344e-05, "initial placement": 0.0002067089080810547, "intermediate placement": 0.01577591896057129, "routing": 0.0036089420318603516, "total": 0.021129131317138672}