{"scheduling": 6.604194641113281e-05, "initial placement": 0.00012421607971191406, "intermediate placement": 0.05336928367614746, "routing": 0.007842779159545898, "total": 0.06454086303710938}