{"scheduling": 3.504753112792969e-05, "initial placement": 8.082389831542969e-05, "intermediate placement": 0.017189979553222656, "routing": 0.003435850143432617, "total": 0.022449970245361328}