{"scheduling": 3.5762786865234375e-05, "initial placement": 7.104873657226562e-05, "intermediate placement": 0.019421815872192383, "routing": 0.0037648677825927734, "total": 0.024917125701904297}