{"scheduling": 4.291534423828125e-05, "initial placement": 7.510185241699219e-05, "intermediate placement": 0.008094072341918945, "routing": 0.007726907730102539, "total": 0.016306161880493164}