{"scheduling": 9.107589721679688e-05, "initial placement": 0.0001537799835205078, "intermediate placement": 0.03270602226257324, "routing": 0.03329610824584961, "total": 0.06701374053955078}