{"scheduling": 9.083747863769531e-05, "initial placement": 8.797645568847656e-05, "intermediate placement": 0.046571969985961914, "routing": 0.01297903060913086, "total": 0.06399011611938477}