{"scheduling": 3.0040740966796875e-05, "initial placement": 3.504753112792969e-05, "intermediate placement": 0.008787155151367188, "routing": 0.004086017608642578, "total": 0.014042139053344727}