{"scheduling": 0.0004131793975830078, "initial placement": 8.296966552734375e-05, "intermediate placement": 0.10396814346313477, "routing": 0.04304194450378418, "total": 0.1546339988708496}