{"scheduling": 0.0002579689025878906, "initial placement": 4.792213439941406e-05, "intermediate placement": 0.03418111801147461, "routing": 0.013571023941040039, "total": 0.05099797248840332}