{"scheduling": 5.91278076171875e-05, "initial placement": 3.886222839355469e-05, "intermediate placement": 0.017304182052612305, "routing": 0.007952213287353516, "total": 0.02739405632019043}