{"scheduling": 6.29425048828125e-05, "initial placement": 6.29425048828125e-05, "intermediate placement": 0.029138803482055664, "routing": 0.009493827819824219, "total": 0.04151201248168945}