{"scheduling": 4.00543212890625e-05, "initial placement": 5.984306335449219e-05, "intermediate placement": 0.013545989990234375, "routing": 0.0037746429443359375, "total": 0.0193021297454834}