{"scheduling": 2.002716064453125e-05, "initial placement": 4.1961669921875e-05, "intermediate placement": 0.00679326057434082, "routing": 0.0017740726470947266, "total": 0.009422063827514648}