{"scheduling": 1.8835067749023438e-05, "initial placement": 6.198883056640625e-05, "intermediate placement": 0.007294893264770508, "routing": 0.0017809867858886719, "total": 0.009966135025024414}