{"scheduling": 3.504753112792969e-05, "initial placement": 0.0001239776611328125, "intermediate placement": 0.023672103881835938, "routing": 0.003519296646118164, "total": 0.028918743133544922}