{"scheduling": 1.8835067749023438e-05, "initial placement": 6.389617919921875e-05, "intermediate placement": 0.008590221405029297, "routing": 0.0017325878143310547, "total": 0.011368036270141602}