{"scheduling": 2.8848648071289062e-05, "initial placement": 6.604194641113281e-05, "intermediate placement": 0.015820026397705078, "routing": 0.019559860229492188, "total": 0.036895036697387695}