{"scheduling": 2.09808349609375e-05, "initial placement": 5.91278076171875e-05, "intermediate placement": 0.008235931396484375, "routing": 0.0022542476654052734, "total": 0.011505842208862305}