{"scheduling": 3.361701965332031e-05, "initial placement": 9.083747863769531e-05, "intermediate placement": 0.015422821044921875, "routing": 0.0030736923217773438, "total": 0.020587921142578125}