{"scheduling": 3.314018249511719e-05, "initial placement": 7.200241088867188e-05, "intermediate placement": 0.019169092178344727, "routing": 0.004172801971435547, "total": 0.025075912475585938}