{"scheduling": 6.198883056640625e-05, "initial placement": 0.00012993812561035156, "intermediate placement": 0.05408906936645508, "routing": 0.007767200469970703, "total": 0.0654902458190918}