{"scheduling": 4.506111145019531e-05, "initial placement": 7.510185241699219e-05, "intermediate placement": 0.008008003234863281, "routing": 0.007961273193359375, "total": 0.016455888748168945}