{"scheduling": 8.96453857421875e-05, "initial placement": 0.0001552104949951172, "intermediate placement": 0.03511309623718262, "routing": 0.03262948989868164, "total": 0.06963992118835449}