{"scheduling": 9.298324584960938e-05, "initial placement": 9.226799011230469e-05, "intermediate placement": 0.047675132751464844, "routing": 0.018262386322021484, "total": 0.07041668891906738}