{"scheduling": 3.0040740966796875e-05, "initial placement": 3.910064697265625e-05, "intermediate placement": 0.010094881057739258, "routing": 0.0035009384155273438, "total": 0.014818906784057617}