{"scheduling": 0.00022792816162109375, "initial placement": 4.1961669921875e-05, "intermediate placement": 0.03358292579650879, "routing": 0.01373600959777832, "total": 0.05051898956298828}