{"scheduling": 0.00043582916259765625, "initial placement": 9.489059448242188e-05, "intermediate placement": 0.1087653636932373, "routing": 0.07487988471984863, "total": 0.19158411026000977}