{"scheduling": 5.91278076171875e-05, "initial placement": 4.410743713378906e-05, "intermediate placement": 0.017295122146606445, "routing": 0.00731658935546875, "total": 0.02678394317626953}