{"scheduling": 6.008148193359375e-05, "initial placement": 7.224082946777344e-05, "intermediate placement": 0.03382706642150879, "routing": 0.011673927307128906, "total": 0.04891514778137207}