{"scheduling": 3.695487976074219e-05, "initial placement": 6.794929504394531e-05, "intermediate placement": 0.014252901077270508, "routing": 0.003911495208740234, "total": 0.01957106590270996}