{
  "cir_fidelity": 0.04770579238134585,
  "cir_fidelity_1q_gate": 0.903015732658591,
  "cir_fidelity_2q_gate": 0.3781618071286901,
  "cir_fidelity_2q_gate_for_idle": 1,
  "cir_fidelity_atom_transfer": 0.4600646486360105,
  "cir_fidelity_coherence": 0.3036541835480305,
  "cir_duration": 18432.966744172554
}