{
  "cir_fidelity": 0.2417690080372954,
  "cir_fidelity_1q_gate": 0.9554175190036467,
  "cir_fidelity_2q_gate": 0.5907768628656768,
  "cir_fidelity_2q_gate_for_idle": 1,
  "cir_fidelity_atom_transfer": 0.6015448579979461,
  "cir_fidelity_coherence": 0.7120589197016093,
  "cir_duration": 16845.511814714457
}