{
  "cir_fidelity": 0.0022102437032339344,
  "cir_fidelity_1q_gate": 0.8083728237224047,
  "cir_fidelity_2q_gate": 0.033089858277107455,
  "cir_fidelity_2q_gate_for_idle": 1,
  "cir_fidelity_atom_transfer": 0.2348696773746292,
  "cir_fidelity_coherence": 0.3518087193038048,
  "cir_duration": 55109.89000115675
}