{
  "cir_fidelity": 0.45503012893751604,
  "cir_fidelity_1q_gate": 0.968986377066392,
  "cir_fidelity_2q_gate": 0.6696478204705647,
  "cir_fidelity_2q_gate_for_idle": 1,
  "cir_fidelity_atom_transfer": 0.7407070321561021,
  "cir_fidelity_coherence": 0.946737445539815,
  "cir_duration": 8355.762980010533
}