{
  "cir_fidelity": 0.4826338248591952,
  "cir_fidelity_1q_gate": 0.9689863770663911,
  "cir_fidelity_2q_gate": 0.7705488893118834,
  "cir_fidelity_2q_gate_for_idle": 1,
  "cir_fidelity_atom_transfer": 0.8056482291095438,
  "cir_fidelity_coherence": 0.8023325817498269,
  "cir_duration": 12508.959502555439
}